Sizes	Thresholds	Standard Dev
60	0.58923	0.02546
110	0.59325	0.01669
160	0.59202	0.01096
210	0.59365	0.01005
260	0.59163	0.00856
310	0.59260	0.00823
360	0.59286	0.00558
410	0.59197	0.00576
460	0.59215	0.00509
510	0.59271	0.00421
560	0.59307	0.00479
610	0.59240	0.00446
660	0.59227	0.00402
710	0.59234	0.00339
760	0.59303	0.00343
810	0.59313	0.00353
860	0.59306	0.00343
910	0.59296	0.00311
